{
  "features": [
    "barrel_pct",
    "barrel_pa",
    "exit_velocity",
    "hard_hit_pct",
    "launch_angle",
    "sweet_spot_pct",
    "xwoba",
    "iso",
    "k_pct",
    "bb_pct"
  ],
  "feature_medians": {
    "barrel_pct": 9.3,
    "barrel_pa": 6.5,
    "exit_velocity": 90.0,
    "hard_hit_pct": 43.3,
    "launch_angle": 13.2,
    "sweet_spot_pct": 34.5,
    "xwoba": 0.336,
    "iso": -0.262,
    "k_pct": 0.20439189189189189,
    "bb_pct": 0.08856088560885608
  },
  "lg_hr_pa": 0.03572818065068753,
  "training_years": [
    2022,
    2023,
    2024,
    2025,
    2026
  ],
  "n_training": 353,
  "cv_mae": 0.0102176138266768,
  "cv_r2": 0.2544245094095198,
  "feature_importance": {
    "barrel_pct": 0.38297465443611145,
    "barrel_pa": 0.16887494921684265,
    "launch_angle": 0.10594388097524643,
    "xwoba": 0.08557315170764923,
    "exit_velocity": 0.0635434091091156,
    "hard_hit_pct": 0.0550331249833107,
    "k_pct": 0.049749694764614105,
    "sweet_spot_pct": 0.03793054446578026,
    "bb_pct": 0.03207773715257645,
    "iso": 0.018298812210559845
  }
}