{
  "features": [
    "barrel_pct",
    "barrel_pa",
    "exit_velocity",
    "hard_hit_pct",
    "launch_angle",
    "sweet_spot_pct",
    "xwoba",
    "iso",
    "k_pct",
    "bb_pct"
  ],
  "feature_medians": {
    "barrel_pct": 9.3,
    "barrel_pa": 6.4,
    "exit_velocity": 90.0,
    "hard_hit_pct": 43.2,
    "launch_angle": 13.2,
    "sweet_spot_pct": 34.5,
    "xwoba": 0.335,
    "iso": -0.262,
    "k_pct": 0.20451127819548873,
    "bb_pct": 0.08856088560885608
  },
  "lg_hr_pa": 0.03528579059073155,
  "training_years": [
    2022,
    2023,
    2024,
    2025,
    2026
  ],
  "n_training": 357,
  "cv_mae": 0.010532061177382519,
  "cv_r2": 0.25204980771531815,
  "feature_importance": {
    "barrel_pa": 0.3239861726760864,
    "barrel_pct": 0.23392945528030396,
    "launch_angle": 0.0952925756573677,
    "xwoba": 0.07271602004766464,
    "exit_velocity": 0.06312474608421326,
    "hard_hit_pct": 0.05779005214571953,
    "k_pct": 0.05149520933628082,
    "bb_pct": 0.04580819979310036,
    "iso": 0.029440220445394516,
    "sweet_spot_pct": 0.02641739509999752
  }
}