{
  "features": [
    "barrel_pct",
    "barrel_pa",
    "exit_velocity",
    "hard_hit_pct",
    "launch_angle",
    "sweet_spot_pct",
    "xwoba",
    "iso",
    "k_pct",
    "bb_pct"
  ],
  "feature_medians": {
    "barrel_pct": 8.9,
    "barrel_pa": 6.3,
    "exit_velocity": 89.85,
    "hard_hit_pct": 42.6,
    "launch_angle": 13.1,
    "sweet_spot_pct": 34.4,
    "xwoba": 0.3365,
    "iso": -0.262,
    "k_pct": 0.20461204557786217,
    "bb_pct": 0.09040821220804458
  },
  "lg_hr_pa": 0.03647684431090479,
  "training_years": [
    2022,
    2023,
    2024,
    2025
  ],
  "n_training": 258,
  "cv_mae": 0.009675139278672109,
  "cv_r2": 0.21846668031220784,
  "feature_importance": {
    "barrel_pct": 0.33117958903312683,
    "barrel_pa": 0.26800012588500977,
    "launch_angle": 0.10759034007787704,
    "exit_velocity": 0.07132338732481003,
    "sweet_spot_pct": 0.05539544299244881,
    "hard_hit_pct": 0.05063411220908165,
    "xwoba": 0.04388365149497986,
    "iso": 0.031687114387750626,
    "bb_pct": 0.020626643672585487,
    "k_pct": 0.019679656252264977
  }
}