{
  "features": [
    "barrel_pct",
    "barrel_pa",
    "exit_velocity",
    "hard_hit_pct",
    "launch_angle",
    "sweet_spot_pct",
    "xwoba",
    "iso",
    "k_pct",
    "bb_pct"
  ],
  "feature_medians": {
    "barrel_pct": 9.3,
    "barrel_pa": 6.5,
    "exit_velocity": 90.0,
    "hard_hit_pct": 43.3,
    "launch_angle": 13.2,
    "sweet_spot_pct": 34.5,
    "xwoba": 0.336,
    "iso": -0.262,
    "k_pct": 0.20347003154574134,
    "bb_pct": 0.0891089108910891
  },
  "lg_hr_pa": 0.036300810100741036,
  "training_years": [
    2022,
    2023,
    2024,
    2025,
    2026
  ],
  "n_training": 353,
  "cv_mae": 0.009865383734329722,
  "cv_r2": 0.2873206043935965,
  "feature_importance": {
    "barrel_pct": 0.3568649888038635,
    "barrel_pa": 0.2592683434486389,
    "launch_angle": 0.1045304462313652,
    "xwoba": 0.061226002871990204,
    "k_pct": 0.04607966169714928,
    "exit_velocity": 0.04337577521800995,
    "hard_hit_pct": 0.040405161678791046,
    "bb_pct": 0.037459757179021835,
    "sweet_spot_pct": 0.027562588453292847,
    "iso": 0.02322728931903839
  }
}