{
  "features": [
    "barrel_pct",
    "barrel_pa",
    "exit_velocity",
    "hard_hit_pct",
    "launch_angle",
    "sweet_spot_pct",
    "xwoba",
    "iso",
    "k_pct",
    "bb_pct"
  ],
  "feature_medians": {
    "barrel_pct": 9.3,
    "barrel_pa": 6.5,
    "exit_velocity": 90.0,
    "hard_hit_pct": 43.3,
    "launch_angle": 13.2,
    "sweet_spot_pct": 34.5,
    "xwoba": 0.336,
    "iso": -0.262,
    "k_pct": 0.20414673046251994,
    "bb_pct": 0.08856088560885608
  },
  "lg_hr_pa": 0.03581144828413673,
  "training_years": [
    2022,
    2023,
    2024,
    2025,
    2026
  ],
  "n_training": 355,
  "cv_mae": 0.010228559632657829,
  "cv_r2": 0.27173149104048855,
  "feature_importance": {
    "barrel_pa": 0.3296189606189728,
    "barrel_pct": 0.2468394935131073,
    "launch_angle": 0.10639551281929016,
    "xwoba": 0.07319334894418716,
    "hard_hit_pct": 0.05781589820981026,
    "exit_velocity": 0.05490393936634064,
    "k_pct": 0.04485968500375748,
    "bb_pct": 0.03461256995797157,
    "sweet_spot_pct": 0.026368778198957443,
    "iso": 0.02539186179637909
  }
}