{
  "features": [
    "barrel_pct",
    "barrel_pa",
    "exit_velocity",
    "hard_hit_pct",
    "launch_angle",
    "sweet_spot_pct",
    "xwoba",
    "iso",
    "k_pct",
    "bb_pct"
  ],
  "feature_medians": {
    "barrel_pct": 9.3,
    "barrel_pa": 6.4,
    "exit_velocity": 90.0,
    "hard_hit_pct": 43.2,
    "launch_angle": 13.2,
    "sweet_spot_pct": 34.5,
    "xwoba": 0.336,
    "iso": -0.262,
    "k_pct": 0.20347003154574134,
    "bb_pct": 0.08856088560885608
  },
  "lg_hr_pa": 0.036061737596699006,
  "training_years": [
    2022,
    2023,
    2024,
    2025,
    2026
  ],
  "n_training": 353,
  "cv_mae": 0.009776391041163403,
  "cv_r2": 0.3011865750757087,
  "feature_importance": {
    "barrel_pct": 0.3516395688056946,
    "barrel_pa": 0.25099584460258484,
    "launch_angle": 0.09853021800518036,
    "hard_hit_pct": 0.061918213963508606,
    "xwoba": 0.05433467775583267,
    "exit_velocity": 0.05078282579779625,
    "k_pct": 0.047615718096494675,
    "bb_pct": 0.03421321511268616,
    "iso": 0.026104869320988655,
    "sweet_spot_pct": 0.023864876478910446
  }
}