{
  "features": [
    "barrel_pct",
    "barrel_pa",
    "exit_velocity",
    "hard_hit_pct",
    "launch_angle",
    "sweet_spot_pct",
    "xwoba",
    "iso",
    "k_pct",
    "bb_pct"
  ],
  "feature_medians": {
    "barrel_pct": 9.3,
    "barrel_pa": 6.5,
    "exit_velocity": 90.0,
    "hard_hit_pct": 43.3,
    "launch_angle": 13.2,
    "sweet_spot_pct": 34.5,
    "xwoba": 0.336,
    "iso": -0.262,
    "k_pct": 0.20347003154574134,
    "bb_pct": 0.08913649025069638
  },
  "lg_hr_pa": 0.03626040919549134,
  "training_years": [
    2022,
    2023,
    2024,
    2025,
    2026
  ],
  "n_training": 353,
  "cv_mae": 0.009811718385138253,
  "cv_r2": 0.29414372742842476,
  "feature_importance": {
    "barrel_pa": 0.37868544459342957,
    "barrel_pct": 0.2636907398700714,
    "launch_angle": 0.09413795173168182,
    "xwoba": 0.0495915487408638,
    "exit_velocity": 0.04853203147649765,
    "hard_hit_pct": 0.04610937833786011,
    "k_pct": 0.04379897192120552,
    "sweet_spot_pct": 0.027308570221066475,
    "bb_pct": 0.024559181183576584,
    "iso": 0.023586131632328033
  }
}