{
  "model_name": "h",
  "target": "h_pa",
  "features": [
    "hard_hit_pct",
    "sweet_spot_pct",
    "exit_velocity",
    "k_pct",
    "bb_pct",
    "xwoba",
    "barrel_pct"
  ],
  "feature_medians": {
    "hard_hit_pct": 43.150000000000006,
    "sweet_spot_pct": 34.5,
    "exit_velocity": 89.95,
    "k_pct": 0.2025177946378413,
    "bb_pct": 0.08825655933214073,
    "xwoba": 0.336,
    "barrel_pct": 9.3
  },
  "lg_avg": 0.23018792482693592,
  "training_years": [
    2022,
    2023,
    2024,
    2025,
    2026
  ],
  "n_training": 348,
  "cv_mae": 0.0189409341132994,
  "cv_r2": 0.1293633181699002,
  "feature_importance": {
    "bb_pct": 0.24576495587825775,
    "k_pct": 0.2155635803937912,
    "xwoba": 0.14460517466068268,
    "hard_hit_pct": 0.11333344876766205,
    "exit_velocity": 0.10958419740200043,
    "sweet_spot_pct": 0.1034126728773117,
    "barrel_pct": 0.06773597002029419
  }
}