{
  "model_name": "r",
  "target": "r_game",
  "features": [
    "xwoba",
    "bb_pct",
    "iso",
    "hard_hit_pct",
    "barrel_pct",
    "k_pct"
  ],
  "feature_medians": {
    "xwoba": 0.336,
    "bb_pct": 0.08825655933214073,
    "iso": -0.262,
    "hard_hit_pct": 43.150000000000006,
    "barrel_pct": 9.3,
    "k_pct": 0.2025177946378413
  },
  "lg_avg": 0.5489559028740582,
  "training_years": [
    2022,
    2023,
    2024,
    2025,
    2026
  ],
  "n_training": 348,
  "cv_mae": 0.08957078178324372,
  "cv_r2": -0.06995866314998467,
  "feature_importance": {
    "barrel_pct": 0.22474853694438934,
    "xwoba": 0.20775184035301208,
    "hard_hit_pct": 0.18216562271118164,
    "bb_pct": 0.13497009873390198,
    "k_pct": 0.13253095746040344,
    "iso": 0.11783289164304733
  }
}