{
  "model_name": "rbi",
  "target": "rbi_game",
  "features": [
    "barrel_pct",
    "exit_velocity",
    "hard_hit_pct",
    "iso",
    "xwoba",
    "k_pct",
    "sweet_spot_pct"
  ],
  "feature_medians": {
    "barrel_pct": 9.3,
    "exit_velocity": 89.95,
    "hard_hit_pct": 43.150000000000006,
    "iso": -0.262,
    "xwoba": 0.336,
    "k_pct": 0.2025177946378413,
    "sweet_spot_pct": 34.5
  },
  "lg_avg": 0.5243487563501953,
  "training_years": [
    2022,
    2023,
    2024,
    2025,
    2026
  ],
  "n_training": 348,
  "cv_mae": 0.08658419462839503,
  "cv_r2": 0.170856192816642,
  "feature_importance": {
    "barrel_pct": 0.28396812081336975,
    "exit_velocity": 0.24222637712955475,
    "xwoba": 0.12089633196592331,
    "hard_hit_pct": 0.10500171035528183,
    "iso": 0.09284425526857376,
    "k_pct": 0.09042304754257202,
    "sweet_spot_pct": 0.06464015692472458
  }
}