{
  "model_name": "tb",
  "target": "tb_pa",
  "features": [
    "xslg",
    "barrel_pct",
    "exit_velocity",
    "hard_hit_pct",
    "launch_angle",
    "sweet_spot_pct",
    "iso",
    "bb_pct"
  ],
  "feature_medians": {
    "xslg": 0.4445,
    "barrel_pct": 9.3,
    "exit_velocity": 89.95,
    "hard_hit_pct": 43.150000000000006,
    "launch_angle": 13.2,
    "sweet_spot_pct": 34.5,
    "iso": -0.262,
    "bb_pct": 0.08825655933214073
  },
  "lg_avg": 0.3923097263110544,
  "training_years": [
    2022,
    2023,
    2024,
    2025,
    2026
  ],
  "n_training": 348,
  "cv_mae": 0.03918862553608018,
  "cv_r2": 0.1520440356319832,
  "feature_importance": {
    "xslg": 0.34014129638671875,
    "barrel_pct": 0.13054229319095612,
    "exit_velocity": 0.12317050248384476,
    "hard_hit_pct": 0.1013302281498909,
    "launch_angle": 0.09292202442884445,
    "bb_pct": 0.07829443365335464,
    "iso": 0.07245080918073654,
    "sweet_spot_pct": 0.061148419976234436
  }
}